[
  {
    "id": "bee7f683-f662-4f3e-beb5-65d1f5f4aa51",
    "data": [
      {
        "text": "1",
        "meta": "@grade",
        "alias": "grade",
        "userDefined": false
      },
      {
        "text": "학년",
        "meta": "@sys.ignore",
        "userDefined": false
      },
      {
        "text": " ",
        "userDefined": false
      },
      {
        "text": "2",
        "meta": "@sys.number",
        "alias": "number",
        "userDefined": false
      },
      {
        "text": "반 시간표",
        "userDefined": false
      }
    ],
    "isTemplate": false,
    "count": 0,
    "lang": "ko",
    "updated": 0
  },
  {
    "id": "fbad3b90-70a2-4047-8d3e-12acebd9b53f",
    "data": [
      {
        "text": "내일",
        "meta": "@sys.date",
        "alias": "date",
        "userDefined": false
      },
      {
        "text": " 시간표",
        "userDefined": false
      }
    ],
    "isTemplate": false,
    "count": 0,
    "lang": "ko",
    "updated": 0
  },
  {
    "id": "e35d2b53-516b-4e4a-bf6f-e4891f7cfdf8",
    "data": [
      {
        "text": "어제",
        "meta": "@sys.date",
        "alias": "date",
        "userDefined": false
      },
      {
        "text": " 시간표",
        "userDefined": false
      }
    ],
    "isTemplate": false,
    "count": 0,
    "lang": "ko",
    "updated": 0
  },
  {
    "id": "86327e8e-85f4-4b29-9b1e-6d75a32d276a",
    "data": [
      {
        "text": "2",
        "meta": "@grade",
        "alias": "grade",
        "userDefined": false
      },
      {
        "text": "학년",
        "meta": "@sys.ignore",
        "userDefined": false
      },
      {
        "text": " ",
        "userDefined": false
      },
      {
        "text": "1",
        "meta": "@sys.number",
        "alias": "number",
        "userDefined": true
      },
      {
        "text": "반 ",
        "userDefined": false
      },
      {
        "text": "저번주 수요일",
        "meta": "@sys.date",
        "alias": "date",
        "userDefined": false
      },
      {
        "text": " 시간표",
        "userDefined": false
      }
    ],
    "isTemplate": false,
    "count": 0,
    "lang": "ko",
    "updated": 0
  },
  {
    "id": "d8865145-d426-4cb4-a585-d07ab43816c0",
    "data": [
      {
        "text": "3",
        "meta": "@grade",
        "alias": "grade",
        "userDefined": false
      },
      {
        "text": "학년",
        "meta": "@sys.ignore",
        "userDefined": false
      },
      {
        "text": " ",
        "userDefined": false
      },
      {
        "text": "4",
        "meta": "@sys.number",
        "alias": "number",
        "userDefined": true
      },
      {
        "text": "반 ",
        "userDefined": false
      },
      {
        "text": "오늘",
        "meta": "@sys.date",
        "alias": "date",
        "userDefined": false
      },
      {
        "text": " 시간표",
        "userDefined": false
      }
    ],
    "isTemplate": false,
    "count": 0,
    "lang": "ko",
    "updated": 0
  }
]